{
  "shopId": 75652333753,
  "apiClientId": 317287694337,
  "payload": {
    "export": "cart-lines-discounts-generate-run",
    "input": {
      "cart": {
        "lines": [
          {
            "id": "gid://shopify/CartLine/0",
            "cost": {
              "subtotalAmount": {
                "amount": "1025.0"
              }
            },
            "merchandise": {
              "product": {
                "id": "gid://shopify/Product/8334197817529"
              }
            }
          }
        ]
      },
      "discount": {
        "discountClasses": [
          "ORDER"
        ]
      }
    },
    "inputBytes": 174,
    "output": {
      "operations": [
        {
          "orderDiscountsAdd": {
            "candidates": [
              {
                "message": "10% OFF ORDER",
                "targets": [
                  {
                    "orderSubtotal": {
                      "excludedCartLineIds": []
                    }
                  }
                ],
                "value": {
                  "percentage": {
                    "value": 10
                  }
                }
              }
            ],
            "selectionStrategy": "FIRST"
          }
        }
      ]
    },
    "outputBytes": 164,
    "logs": [
      "startt",
      "order true",
      "order false",
      "input [object Object]"
    ],
    "functionId": "019c0d1a-2b11-7bbb-a596-981240cfeb17",
    "fuelConsumed": 303891,
    "target": "cart.lines.discounts.generate.run"
  },
  "logType": "function_run",
  "status": "success",
  "source": "vip-discount-function",
  "sourceNamespace": "extensions",
  "logTimestamp": "2026-01-30T04:49:53.173050Z",
  "localTime": "2026-01-30 10:19:53",
  "storeName": "group-discount-test.myshopify.com"
}