{
  "shopId": 75652333753,
  "apiClientId": 317287694337,
  "payload": {
    "export": "cart-lines-discounts-generate-run",
    "input": {
      "cart": {
        "lines": [
          {
            "id": "gid://shopify/CartLine/0",
            "cost": {
              "subtotalAmount": {
                "amount": "2050.0"
              }
            },
            "merchandise": {
              "__typename": "ProductVariant",
              "id": "gid://shopify/ProductVariant/45799508672697",
              "product": {
                "id": "gid://shopify/Product/8334197817529",
                "metafield": {
                  "value": "VIP"
                }
              }
            }
          }
        ],
        "buyerIdentity": {
          "customer": {
            "id": "gid://shopify/Customer/8061858283705",
            "metafield": {
              "value": "VIP"
            }
          }
        }
      },
      "discount": {
        "discountClasses": [
          "PRODUCT"
        ]
      }
    },
    "inputBytes": 358,
    "output": {
      "operations": [
        {
          "productDiscountsAdd": {
            "candidates": [
              {
                "message": "10% OFF ORDER",
                "targets": [
                  {
                    "productVariant": {
                      "id": [
                        "gid://shopify/ProductVariant/45799508672697"
                      ]
                    }
                  }
                ],
                "value": {
                  "percentage": {
                    "value": 10
                  }
                }
              }
            ],
            "selectionStrategy": "ALL"
          }
        }
      ]
    },
    "outputBytes": 193,
    "logs": [
      "startt",
      "order false",
      "Product CLss true",
      "Product start",
      ".... gid://shopify/Product/8334197817529",
      "....sample gid://shopify/ProductVariant/45799508672697",
      "VIP VIP",
      "isvip true",
      "proisvip true"
    ],
    "functionId": "019c0d1a-2b11-7bbb-a596-981240cfeb17",
    "fuelConsumed": 393719,
    "target": "cart.lines.discounts.generate.run",
    "errorMessage": [
      {
        "path": [
          "operations",
          0,
          "productDiscountsAdd",
          "candidates",
          0,
          "targets",
          0
        ],
        "explanation": "Expected one of valid values: cartLine. Got: productVariant"
      }
    ],
    "errorType": "InvalidOutputError"
  },
  "logType": "function_run",
  "status": "failure",
  "source": "vip-discount-function",
  "sourceNamespace": "extensions",
  "logTimestamp": "2026-01-30T09:37:37.724506Z",
  "localTime": "2026-01-30 15:07:37",
  "storeName": "group-discount-test.myshopify.com"
}