{
  "shopId": 75652333753,
  "apiClientId": 317287694337,
  "payload": {
    "export": "cart-lines-discounts-generate-run",
    "input": {
      "cart": {
        "lines": [
          {
            "id": "gid://shopify/CartLine/0",
            "cost": {
              "subtotalAmount": {
                "amount": "2050.0"
              }
            },
            "merchandise": {
              "__typename": "ProductVariant",
              "id": "gid://shopify/ProductVariant/45799508672697",
              "product": {
                "id": "gid://shopify/Product/8334197817529",
                "metafield": {
                  "value": "VIP"
                }
              }
            }
          }
        ],
        "buyerIdentity": {
          "customer": {
            "id": "gid://shopify/Customer/8061858283705",
            "metafield": {
              "value": "VIP"
            }
          }
        }
      },
      "discount": {
        "discountClasses": [
          "PRODUCT"
        ]
      }
    },
    "inputBytes": 358,
    "output": null,
    "outputBytes": null,
    "logs": [
      "startt",
      "order false",
      "Product CLss true",
      "Product start",
      ".... gid://shopify/Product/8334197817529",
      "....sample gid://shopify/CartLine/0",
      "VIP VIP",
      "isvip true",
      "proisvip true"
    ],
    "functionId": "019c0d1a-2b11-7bbb-a596-981240cfeb17",
    "fuelConsumed": 393715,
    "target": "cart.lines.discounts.generate.run",
    "errorMessage": "error while executing at wasm backtrace:\n    0: <unknown>!<wasm function 1381>\n    1: <unknown>!<wasm function 250>\n    2: <unknown>!<wasm function 423>\n    3: <unknown>!<wasm function 944>\n    4: <unknown>!<wasm function 1039>\n    5: <unknown>!<wasm function 391>\n    6: <unknown>!<wasm function 35>\n    7: <unknown>!<wasm function 755>\n    8: <unknown>!<wasm function 2> (trap code: Unreachable)",
    "errorType": "RuntimeError"
  },
  "logType": "function_run",
  "status": "failure",
  "source": "vip-discount-function",
  "sourceNamespace": "extensions",
  "logTimestamp": "2026-01-30T09:04:12.906279Z",
  "localTime": "2026-01-30 14:34:12",
  "storeName": "group-discount-test.myshopify.com"
}