{
  "shopId": 75652333753,
  "apiClientId": 317287694337,
  "payload": {
    "export": "cart-lines-discounts-generate-run",
    "input": {
      "cart": {
        "lines": [
          {
            "id": "gid://shopify/CartLine/0",
            "cost": {
              "subtotalAmount": {
                "amount": "749.95"
              }
            },
            "merchandise": {
              "__typename": "ProductVariant",
              "id": "gid://shopify/ProductVariant/45799508836537",
              "product": {
                "id": "gid://shopify/Product/8334197915833",
                "metafield": null
              }
            }
          },
          {
            "id": "gid://shopify/CartLine/1",
            "cost": {
              "subtotalAmount": {
                "amount": "1025.0"
              }
            },
            "merchandise": {
              "__typename": "ProductVariant",
              "id": "gid://shopify/ProductVariant/45799508672697",
              "product": {
                "id": "gid://shopify/Product/8334197817529",
                "metafield": {
                  "value": "VIP"
                }
              }
            }
          }
        ],
        "buyerIdentity": {
          "customer": {
            "id": "gid://shopify/Customer/8061858283705",
            "metafield": {
              "value": "VIP"
            }
          }
        }
      },
      "discount": {
        "discountClasses": [
          "PRODUCT"
        ]
      }
    },
    "inputBytes": 570,
    "output": {
      "operations": [
        {
          "productDiscountsAdd": {
            "candidates": [
              {
                "message": "10% OFF PRODUCT",
                "targets": [
                  {
                    "cartLine": {}
                  }
                ],
                "value": {
                  "percentage": {
                    "value": 10
                  }
                }
              }
            ],
            "selectionStrategy": "FIRST"
          }
        }
      ]
    },
    "outputBytes": 142,
    "logs": [],
    "functionId": "019c0e4e-b044-798b-a114-e6556d674f30",
    "fuelConsumed": 334382,
    "target": "cart.lines.discounts.generate.run",
    "errorMessage": [
      {
        "path": [
          "operations",
          0,
          "productDiscountsAdd",
          "candidates",
          0,
          "targets",
          0,
          "cartLine",
          "id"
        ],
        "explanation": "Expected value to not be null"
      }
    ],
    "errorType": "InvalidOutputError"
  },
  "logType": "function_run",
  "status": "failure",
  "source": "discount-function",
  "sourceNamespace": "extensions",
  "logTimestamp": "2026-01-30T09:54:22.606989Z",
  "localTime": "2026-01-30 15:24:22",
  "storeName": "group-discount-test.myshopify.com"
}