{
  "shopId": 75652333753,
  "apiClientId": 317287694337,
  "payload": {
    "export": "cart-lines-discounts-generate-run",
    "input": {
      "cart": {
        "lines": [
          {
            "id": "gid://shopify/CartLine/0",
            "cost": {
              "subtotalAmount": {
                "amount": "749.95"
              }
            },
            "merchandise": {
              "__typename": "ProductVariant",
              "product": {
                "id": "gid://shopify/Product/8334197915833",
                "metafield": null
              }
            }
          },
          {
            "id": "gid://shopify/CartLine/1",
            "cost": {
              "subtotalAmount": {
                "amount": "1025.0"
              }
            },
            "merchandise": {
              "__typename": "ProductVariant",
              "product": {
                "id": "gid://shopify/Product/8334197817529",
                "metafield": {
                  "value": "VIP"
                }
              }
            }
          }
        ],
        "buyerIdentity": {
          "customer": {
            "id": "gid://shopify/Customer/8061858283705",
            "metafield": {
              "value": "VIP"
            }
          }
        }
      },
      "discount": {
        "discountClasses": [
          "ORDER"
        ]
      }
    },
    "inputBytes": 472,
    "output": {
      "operations": [
        {
          "orderDiscountsAdd": {
            "candidates": [
              {
                "message": "10% OFF ORDER",
                "targets": [
                  {
                    "orderSubtotal": {
                      "excludedCartLineIds": []
                    }
                  }
                ],
                "value": {
                  "percentage": {
                    "value": 10
                  }
                }
              }
            ],
            "selectionStrategy": "FIRST"
          }
        }
      ]
    },
    "outputBytes": 164,
    "logs": [
      "startt",
      "VIP [object Object]",
      "vi false"
    ],
    "functionId": "019c0d1a-2b11-7bbb-a596-981240cfeb17",
    "fuelConsumed": 338142,
    "target": "cart.lines.discounts.generate.run"
  },
  "logType": "function_run",
  "status": "success",
  "source": "vip-discount-function",
  "sourceNamespace": "extensions",
  "logTimestamp": "2026-01-30T06:00:27.216730Z",
  "localTime": "2026-01-30 11:30:27",
  "storeName": "group-discount-test.myshopify.com"
}