{
  "shopId": 75652333753,
  "apiClientId": 317287694337,
  "payload": {
    "export": "cart-lines-discounts-generate-run",
    "input": {
      "cart": {
        "lines": [
          {
            "id": "gid://shopify/CartLine/0",
            "cost": {
              "subtotalAmount": {
                "amount": "749.95"
              }
            },
            "merchandise": {
              "product": {
                "id": "gid://shopify/Product/8334197915833",
                "metafield": null
              }
            }
          },
          {
            "id": "gid://shopify/CartLine/1",
            "cost": {
              "subtotalAmount": {
                "amount": "1025.0"
              }
            },
            "merchandise": {
              "product": {
                "id": "gid://shopify/Product/8334197817529",
                "metafield": {
                  "value": "VIP"
                }
              }
            }
          }
        ],
        "buyerIdentity": {
          "customer": {
            "metafield": null
          }
        }
      },
      "discount": {
        "discountClasses": [
          "ORDER"
        ]
      }
    },
    "inputBytes": 369,
    "output": {
      "line": [
        {
          "id": "gid://shopify/CartLine/0",
          "cost": {
            "subtotalAmount": {
              "amount": "749.95"
            }
          },
          "merchandise": {
            "product": {
              "id": "gid://shopify/Product/8334197915833",
              "metafield": null
            }
          }
        },
        {
          "id": "gid://shopify/CartLine/1",
          "cost": {
            "subtotalAmount": {
              "amount": "1025.0"
            }
          },
          "merchandise": {
            "product": {
              "id": "gid://shopify/Product/8334197817529",
              "metafield": {
                "value": "VIP"
              }
            }
          }
        }
      ]
    },
    "outputBytes": 293,
    "logs": [
      "startt",
      "order true",
      "order false"
    ],
    "functionId": "019c0d1a-2b11-7bbb-a596-981240cfeb17",
    "fuelConsumed": 316222,
    "target": "cart.lines.discounts.generate.run",
    "errorMessage": [
      {
        "path": [
          "operations"
        ],
        "explanation": "Expected value to not be null"
      },
      {
        "path": [
          "line"
        ],
        "explanation": "Field is not defined on CartLinesDiscountsGenerateRunResult"
      }
    ],
    "errorType": "InvalidOutputError"
  },
  "logType": "function_run",
  "status": "failure",
  "source": "vip-discount-function",
  "sourceNamespace": "extensions",
  "logTimestamp": "2026-01-30T05:04:00.472259Z",
  "localTime": "2026-01-30 10:34:00",
  "storeName": "group-discount-test.myshopify.com"
}