{
  "shopId": 75652333753,
  "apiClientId": 317287694337,
  "payload": {
    "export": "cart-lines-discounts-generate-run",
    "input": {
      "cart": {
        "lines": [
          {
            "id": "gid://shopify/CartLine/0",
            "cost": {
              "subtotalAmount": {
                "amount": "1771.9"
              }
            },
            "merchandise": {
              "__typename": "ProductVariant",
              "id": "gid://shopify/ProductVariant/45799508181177",
              "product": {
                "id": "gid://shopify/Product/8334197620921",
                "metafield": {
                  "value": "VIP"
                }
              }
            }
          },
          {
            "id": "gid://shopify/CartLine/1",
            "cost": {
              "subtotalAmount": {
                "amount": "2050.0"
              }
            },
            "merchandise": {
              "__typename": "ProductVariant",
              "id": "gid://shopify/ProductVariant/45799508672697",
              "product": {
                "id": "gid://shopify/Product/8334197817529",
                "metafield": {
                  "value": "VIP"
                }
              }
            }
          },
          {
            "id": "gid://shopify/CartLine/2",
            "cost": {
              "subtotalAmount": {
                "amount": "749.95"
              }
            },
            "merchandise": {
              "__typename": "ProductVariant",
              "id": "gid://shopify/ProductVariant/45799508836537",
              "product": {
                "id": "gid://shopify/Product/8334197915833",
                "metafield": null
              }
            }
          }
        ],
        "buyerIdentity": {
          "customer": {
            "id": "gid://shopify/Customer/8061858283705",
            "metafield": {
              "value": "VIP"
            }
          }
        }
      },
      "discount": {
        "discountClasses": [
          "PRODUCT"
        ]
      }
    },
    "inputBytes": 792,
    "output": {
      "operations": [
        {
          "productDiscountsAdd": {
            "candidates": [
              null,
              null
            ],
            "selectionStrategy": "ALL"
          }
        }
      ]
    },
    "outputBytes": 71,
    "logs": [
      "order false",
      "Product CLss true",
      "Product start",
      ".... ",
      "....sample ",
      "VIP VIP",
      "isvip true",
      "proisvip true",
      "set [object Object],[object Object]",
      "max1 gid://shopify/CartLine/1",
      "arry gid://shopify/CartLine/0,gid://shopify/CartLine/1"
    ],
    "functionId": "019c0e4e-b044-798b-a114-e6556d674f30",
    "fuelConsumed": 540573,
    "target": "cart.lines.discounts.generate.run",
    "errorMessage": [
      {
        "path": [
          "operations",
          0,
          "productDiscountsAdd",
          "candidates",
          0
        ],
        "explanation": "Expected value to not be null"
      },
      {
        "path": [
          "operations",
          0,
          "productDiscountsAdd",
          "candidates",
          1
        ],
        "explanation": "Expected value to not be null"
      }
    ],
    "errorType": "InvalidOutputError"
  },
  "logType": "function_run",
  "status": "failure",
  "source": "discount-function",
  "sourceNamespace": "extensions",
  "logTimestamp": "2026-01-30T11:32:01.988956Z",
  "localTime": "2026-01-30 17:02:01",
  "storeName": "group-discount-test.myshopify.com"
}