{
  "shopId": 75652333753,
  "apiClientId": 317287694337,
  "payload": {
    "export": "cart-lines-discounts-generate-run",
    "input": {
      "cart": {
        "lines": [
          {
            "id": "gid://shopify/CartLine/0",
            "cost": {
              "subtotalAmount": {
                "amount": "1025.0"
              }
            },
            "merchandise": {
              "product": {
                "id": "gid://shopify/Product/8334197817529"
              }
            }
          }
        ]
      },
      "discount": {
        "discountClasses": [
          "ORDER"
        ]
      }
    },
    "inputBytes": 174,
    "output": null,
    "outputBytes": null,
    "logs": [
      "startt",
      "order true",
      "order false"
    ],
    "functionId": "019c0d1a-2b11-7bbb-a596-981240cfeb17",
    "fuelConsumed": 240284,
    "target": "cart.lines.discounts.generate.run",
    "errorMessage": "error while executing at wasm backtrace:\n    0: <unknown>!<wasm function 1381>\n    1: <unknown>!<wasm function 250>\n    2: <unknown>!<wasm function 423>\n    3: <unknown>!<wasm function 944>\n    4: <unknown>!<wasm function 1039>\n    5: <unknown>!<wasm function 391>\n    6: <unknown>!<wasm function 35>\n    7: <unknown>!<wasm function 755>\n    8: <unknown>!<wasm function 2> (trap code: Unreachable)",
    "errorType": "RuntimeError"
  },
  "logType": "function_run",
  "status": "failure",
  "source": "vip-discount-function",
  "sourceNamespace": "extensions",
  "logTimestamp": "2026-01-30T04:49:10.827259Z",
  "localTime": "2026-01-30 10:19:10",
  "storeName": "group-discount-test.myshopify.com"
}